"Name","FullName"
"DropTableRegistry.cs","C:\EndlessFinal\EndlessRunnerProject\Assets\Scripts\DropTableRegistry.cs"
"LiveOpsModifierPipeline.cs","C:\EndlessFinal\EndlessRunnerProject\Assets\Scripts\LiveOpsModifierPipeline.cs"
"RareDropProfileData.cs","C:\EndlessFinal\EndlessRunnerProject\Assets\Scripts\RareDropProfileData.cs"
"TestRunner.cs","C:\EndlessFinal\EndlessRunnerProject\Assets\Scripts\TestRunner.cs"
"AchievementDatabase.cs","C:\EndlessFinal\EndlessRunnerProject\Assets\Scripts\Achievements\AchievementDatabase.cs"
"AchievementManager.cs","C:\EndlessFinal\EndlessRunnerProject\Assets\Scripts\Achievements\AchievementManager.cs"
"AchievementProgressData.cs","C:\EndlessFinal\EndlessRunnerProject\Assets\Scripts\Achievements\AchievementProgressData.cs"
"AchievementProgressTracker.cs","C:\EndlessFinal\EndlessRunnerProject\Assets\Scripts\Achievements\AchievementProgressTracker.cs"
"AchievementUnlockValidator.cs","C:\EndlessFinal\EndlessRunnerProject\Assets\Scripts\Achievements\AchievementUnlockValidator.cs"
"AchievementPopup.cs","C:\EndlessFinal\EndlessRunnerProject\Assets\Scripts\Achievements\UI\AchievementPopup.cs"
"AdDisplayValidator.cs","C:\EndlessFinal\EndlessRunnerProject\Assets\Scripts\Ads\AdDisplayValidator.cs"
"AdFrequencyController.cs","C:\EndlessFinal\EndlessRunnerProject\Assets\Scripts\Ads\AdFrequencyController.cs"
"AdSessionTracker.cs","C:\EndlessFinal\EndlessRunnerProject\Assets\Scripts\Ads\AdSessionTracker.cs"
"SmartAdScheduler.cs","C:\EndlessFinal\EndlessRunnerProject\Assets\Scripts\Ads\SmartAdScheduler.cs"
"AdaptiveAIDifficultyManager.cs","C:\EndlessFinal\EndlessRunnerProject\Assets\Scripts\AI\AdaptiveAIDifficultyManager.cs"
"AdvancedAIOpponent.cs","C:\EndlessFinal\EndlessRunnerProject\Assets\Scripts\AI\AdvancedAIOpponent.cs"
"Waypoint.cs","C:\EndlessFinal\EndlessRunnerProject\Assets\Scripts\AI\Waypoint.cs"
"WaypointPatrol.cs","C:\EndlessFinal\EndlessRunnerProject\Assets\Scripts\AI\WaypointPatrol.cs"
"BehaviorTrendAnalyzer.cs","C:\EndlessFinal\EndlessRunnerProject\Assets\Scripts\Analytics\BehaviorTrendAnalyzer.cs"
"FrustrationDetector.cs","C:\EndlessFinal\EndlessRunnerProject\Assets\Scripts\Analytics\FrustrationDetector.cs"
"PerfectDodgeDetector.cs","C:\EndlessFinal\EndlessRunnerProject\Assets\Scripts\Analytics\PerfectDodgeDetector.cs"
"SessionAnalyticsData.cs","C:\EndlessFinal\EndlessRunnerProject\Assets\Scripts\Analytics\SessionAnalyticsData.cs"
"BattlePassLevelReward.cs","C:\EndlessFinal\EndlessRunnerProject\Assets\Scripts\BattlePass\BattlePassLevelReward.cs"
"BattlePassManager.cs","C:\EndlessFinal\EndlessRunnerProject\Assets\Scripts\BattlePass\BattlePassManager.cs"
"BattlePassTier.cs","C:\EndlessFinal\EndlessRunnerProject\Assets\Scripts\BattlePass\BattlePassTier.cs"
"BattlePassUIController.cs","C:\EndlessFinal\EndlessRunnerProject\Assets\Scripts\BattlePass\BattlePassUIController.cs"
"RewardItem.cs","C:\EndlessFinal\EndlessRunnerProject\Assets\Scripts\BattlePass\RewardItem.cs"
"BonusRunData.cs","C:\EndlessFinal\EndlessRunnerProject\Assets\Scripts\BonusRuns\BonusRunData.cs"
"BonusRunManager.cs","C:\EndlessFinal\EndlessRunnerProject\Assets\Scripts\BonusRuns\BonusRunManager.cs"
"BonusRunRewardMultiplier.cs","C:\EndlessFinal\EndlessRunnerProject\Assets\Scripts\BonusRuns\BonusRunRewardMultiplier.cs"
"BonusRunUIController.cs","C:\EndlessFinal\EndlessRunnerProject\Assets\Scripts\BonusRuns\BonusRunUIController.cs"
"BoostActivationController.cs","C:\EndlessFinal\EndlessRunnerProject\Assets\Scripts\Boosts\BoostActivationController.cs"
"BoostRewardData.cs","C:\EndlessFinal\EndlessRunnerProject\Assets\Scripts\Boosts\BoostRewardData.cs"
"RewardedBoostManager.cs","C:\EndlessFinal\EndlessRunnerProject\Assets\Scripts\Boosts\RewardedBoostManager.cs"
"RewardedBoostPanelUI.cs","C:\EndlessFinal\EndlessRunnerProject\Assets\Scripts\Boosts\RewardedBoostPanelUI.cs"
"Boss.cs","C:\EndlessFinal\EndlessRunnerProject\Assets\Scripts\Boss\Boss.cs"
"BossChaseManager.cs","C:\EndlessFinal\EndlessRunnerProject\Assets\Scripts\BossChase\BossChaseManager.cs"
"CameraShakeController.cs","C:\EndlessFinal\EndlessRunnerProject\Assets\Scripts\Camera\CameraShakeController.cs"
"ChallengeAttemptTracker.cs","C:\EndlessFinal\EndlessRunnerProject\Assets\Scripts\Challenges\ChallengeAttemptTracker.cs"
"DailyChallengeLeaderboard.cs","C:\EndlessFinal\EndlessRunnerProject\Assets\Scripts\Challenges\DailyChallengeLeaderboard.cs"
"DailyChallengeManager.cs","C:\EndlessFinal\EndlessRunnerProject\Assets\Scripts\Challenges\DailyChallengeManager.cs"
"DailyChallengeSeedGenerator.cs","C:\EndlessFinal\EndlessRunnerProject\Assets\Scripts\Challenges\DailyChallengeSeedGenerator.cs"
"DailyChallengeUIController.cs","C:\EndlessFinal\EndlessRunnerProject\Assets\Scripts\Challenges\DailyChallengeUIController.cs"
"Challenge.cs","C:\EndlessFinal\EndlessRunnerProject\Assets\Scripts\ChallengeSystem\Challenge.cs"
"ChallengeManager.cs","C:\EndlessFinal\EndlessRunnerProject\Assets\Scripts\ChallengeSystem\ChallengeManager.cs"
"CharacterSkin.cs","C:\EndlessFinal\EndlessRunnerProject\Assets\Scripts\Character\CharacterSkin.cs"
"CharacterSkinManager.cs","C:\EndlessFinal\EndlessRunnerProject\Assets\Scripts\Character\CharacterSkinManager.cs"
"Chaser.cs","C:\EndlessFinal\EndlessRunnerProject\Assets\Scripts\Chasers\Chaser.cs"
"BonusCoin.cs","C:\EndlessFinal\EndlessRunnerProject\Assets\Scripts\Collectibles\BonusCoin.cs"
"Collectible.cs","C:\EndlessFinal\EndlessRunnerProject\Assets\Scripts\Collectibles\Collectible.cs"
"PowerUpObject.cs","C:\EndlessFinal\EndlessRunnerProject\Assets\Scripts\Collectibles\PowerUpObject.cs"
"SpecialCollectible.cs","C:\EndlessFinal\EndlessRunnerProject\Assets\Scripts\Collectibles\SpecialCollectible.cs"
"CollectionInventoryManager.cs","C:\EndlessFinal\EndlessRunnerProject\Assets\Scripts\Collection\CollectionInventoryManager.cs"
"CollectionItemCardUI.cs","C:\EndlessFinal\EndlessRunnerProject\Assets\Scripts\Collection\CollectionItemCardUI.cs"
"CollectionItemData.cs","C:\EndlessFinal\EndlessRunnerProject\Assets\Scripts\Collection\CollectionItemData.cs"
"CollectionManager.cs","C:\EndlessFinal\EndlessRunnerProject\Assets\Scripts\Collection\CollectionManager.cs"
"CollectionPanelUI.cs","C:\EndlessFinal\EndlessRunnerProject\Assets\Scripts\Collection\CollectionPanelUI.cs"
"CloudLoggingManager.cs","C:\EndlessFinal\EndlessRunnerProject\Assets\Scripts\Core\CloudLoggingManager.cs"
"GameEvents.cs","C:\EndlessFinal\EndlessRunnerProject\Assets\Scripts\Core\GameEvents.cs"
"Initializer.cs","C:\EndlessFinal\EndlessRunnerProject\Assets\Scripts\Core\Initializer.cs"
"Logger.cs","C:\EndlessFinal\EndlessRunnerProject\Assets\Scripts\Core\Logger.cs"
"ObjectPool.cs","C:\EndlessFinal\EndlessRunnerProject\Assets\Scripts\Core\ObjectPool.cs"
"ObjectPooler.cs","C:\EndlessFinal\EndlessRunnerProject\Assets\Scripts\Core\ObjectPooler.cs"
"PatternDifficultyProfile.cs","C:\EndlessFinal\EndlessRunnerProject\Assets\Scripts\Core\PatternDifficultyProfile.cs"
"PatternSeedManager.cs","C:\EndlessFinal\EndlessRunnerProject\Assets\Scripts\Core\PatternSeedManager.cs"
"SceneLoader.cs","C:\EndlessFinal\EndlessRunnerProject\Assets\Scripts\Core\SceneLoader.cs"
"ServiceLocator.cs","C:\EndlessFinal\EndlessRunnerProject\Assets\Scripts\Core\ServiceLocator.cs"
"Singleton.cs","C:\EndlessFinal\EndlessRunnerProject\Assets\Scripts\Core\Singleton.cs"
"ThemeManagerInitializer.cs","C:\EndlessFinal\EndlessRunnerProject\Assets\Scripts\Core\ThemeManagerInitializer.cs"
"CosmeticEffectData.cs","C:\EndlessFinal\EndlessRunnerProject\Assets\Scripts\Cosmetics\CosmeticEffectData.cs"
"CosmeticEffectPreviewUI.cs","C:\EndlessFinal\EndlessRunnerProject\Assets\Scripts\Cosmetics\CosmeticEffectPreviewUI.cs"
"CosmeticEffectType.cs","C:\EndlessFinal\EndlessRunnerProject\Assets\Scripts\Cosmetics\CosmeticEffectType.cs"
"CosmeticInventoryManager.cs","C:\EndlessFinal\EndlessRunnerProject\Assets\Scripts\Cosmetics\CosmeticInventoryManager.cs"
"CosmeticsPanelUI.cs","C:\EndlessFinal\EndlessRunnerProject\Assets\Scripts\Cosmetics\CosmeticsPanelUI.cs"
"CharacterPreviewController.cs","C:\EndlessFinal\EndlessRunnerProject\Assets\Scripts\Customization\CharacterPreviewController.cs"
"CustomizationInventoryManager.cs","C:\EndlessFinal\EndlessRunnerProject\Assets\Scripts\Customization\CustomizationInventoryManager.cs"
"CustomizationItemData.cs","C:\EndlessFinal\EndlessRunnerProject\Assets\Scripts\Customization\CustomizationItemData.cs"
"CustomizationManager.cs","C:\EndlessFinal\EndlessRunnerProject\Assets\Scripts\Customization\CustomizationManager.cs"
"CustomizationPanelUI.cs","C:\EndlessFinal\EndlessRunnerProject\Assets\Scripts\Customization\CustomizationPanelUI.cs"
"Achievement.cs","C:\EndlessFinal\EndlessRunnerProject\Assets\Scripts\Data\Achievement.cs"
"AchievementData.cs","C:\EndlessFinal\EndlessRunnerProject\Assets\Scripts\Data\AchievementData.cs"
"AchievementID.cs","C:\EndlessFinal\EndlessRunnerProject\Assets\Scripts\Data\AchievementID.cs"
"AttackData.cs","C:\EndlessFinal\EndlessRunnerProject\Assets\Scripts\Data\AttackData.cs"
"BattlePassData.cs","C:\EndlessFinal\EndlessRunnerProject\Assets\Scripts\Data\BattlePassData.cs"
"CharacterData.cs","C:\EndlessFinal\EndlessRunnerProject\Assets\Scripts\Data\CharacterData.cs"
"ChestData.cs","C:\EndlessFinal\EndlessRunnerProject\Assets\Scripts\Data\ChestData.cs"
"CollectObjectiveData.cs","C:\EndlessFinal\EndlessRunnerProject\Assets\Scripts\Data\CollectObjectiveData.cs"
"CosmeticRarity.cs","C:\EndlessFinal\EndlessRunnerProject\Assets\Scripts\Data\CosmeticRarity.cs"
"CurrencyType.cs","C:\EndlessFinal\EndlessRunnerProject\Assets\Scripts\Data\CurrencyType.cs"
"DeathCause.cs","C:\EndlessFinal\EndlessRunnerProject\Assets\Scripts\Data\DeathCause.cs"
"EnvironmentEventData.cs","C:\EndlessFinal\EndlessRunnerProject\Assets\Scripts\Data\EnvironmentEventData.cs"
"FeverModeData.cs","C:\EndlessFinal\EndlessRunnerProject\Assets\Scripts\Data\FeverModeData.cs"
"FusionType.cs","C:\EndlessFinal\EndlessRunnerProject\Assets\Scripts\Data\FusionType.cs"
"GameData.cs","C:\EndlessFinal\EndlessRunnerProject\Assets\Scripts\Data\GameData.cs"
"ItemData.cs","C:\EndlessFinal\EndlessRunnerProject\Assets\Scripts\Data\ItemData.cs"
"ItemType.cs","C:\EndlessFinal\EndlessRunnerProject\Assets\Scripts\Data\ItemType.cs"
"KillObjectiveData.cs","C:\EndlessFinal\EndlessRunnerProject\Assets\Scripts\Data\KillObjectiveData.cs"
"LeaderboardEntry.cs","C:\EndlessFinal\EndlessRunnerProject\Assets\Scripts\Data\LeaderboardEntry.cs"
"LeagueDivisionData.cs","C:\EndlessFinal\EndlessRunnerProject\Assets\Scripts\Data\LeagueDivisionData.cs"
"LeagueTier.cs","C:\EndlessFinal\EndlessRunnerProject\Assets\Scripts\Data\LeagueTier.cs"
"LiveOpsConfigProfile.cs","C:\EndlessFinal\EndlessRunnerProject\Assets\Scripts\Data\LiveOpsConfigProfile.cs"
"Milestone.cs","C:\EndlessFinal\EndlessRunnerProject\Assets\Scripts\Data\Milestone.cs"
"MilestoneData.cs","C:\EndlessFinal\EndlessRunnerProject\Assets\Scripts\Data\MilestoneData.cs"
"MilestoneDatabase.cs","C:\EndlessFinal\EndlessRunnerProject\Assets\Scripts\Data\MilestoneDatabase.cs"
"MilestoneType.cs","C:\EndlessFinal\EndlessRunnerProject\Assets\Scripts\Data\MilestoneType.cs"
"Mission.cs","C:\EndlessFinal\EndlessRunnerProject\Assets\Scripts\Data\Mission.cs"
"MissionData.cs","C:\EndlessFinal\EndlessRunnerProject\Assets\Scripts\Data\MissionData.cs"
"MissionDatabase.cs","C:\EndlessFinal\EndlessRunnerProject\Assets\Scripts\Data\MissionDatabase.cs"
"MomentumData.cs","C:\EndlessFinal\EndlessRunnerProject\Assets\Scripts\Data\MomentumData.cs"
"NearMissData.cs","C:\EndlessFinal\EndlessRunnerProject\Assets\Scripts\Data\NearMissData.cs"
"ObstaclePattern.cs","C:\EndlessFinal\EndlessRunnerProject\Assets\Scripts\Data\ObstaclePattern.cs"
"ObstacleType.cs","C:\EndlessFinal\EndlessRunnerProject\Assets\Scripts\Data\ObstacleType.cs"
"PlayerAchievementData.cs","C:\EndlessFinal\EndlessRunnerProject\Assets\Scripts\Data\PlayerAchievementData.cs"
"PlayerAchievementProgress.cs","C:\EndlessFinal\EndlessRunnerProject\Assets\Scripts\Data\PlayerAchievementProgress.cs"
"PlayerBattlePassData.cs","C:\EndlessFinal\EndlessRunnerProject\Assets\Scripts\Data\PlayerBattlePassData.cs"
"PlayerChestState.cs","C:\EndlessFinal\EndlessRunnerProject\Assets\Scripts\Data\PlayerChestState.cs"
"PlayerData.cs","C:\EndlessFinal\EndlessRunnerProject\Assets\Scripts\Data\PlayerData.cs"
"PlayerMetaData.cs","C:\EndlessFinal\EndlessRunnerProject\Assets\Scripts\Data\PlayerMetaData.cs"
"PowerUpDefinition.cs","C:\EndlessFinal\EndlessRunnerProject\Assets\Scripts\Data\PowerUpDefinition.cs"
"PowerUpType.cs","C:\EndlessFinal\EndlessRunnerProject\Assets\Scripts\Data\PowerUpType.cs"
"ProductData.cs","C:\EndlessFinal\EndlessRunnerProject\Assets\Scripts\Data\ProductData.cs"
"ProductDefinition.cs","C:\EndlessFinal\EndlessRunnerProject\Assets\Scripts\Data\ProductDefinition.cs"
"ProgressionData.cs","C:\EndlessFinal\EndlessRunnerProject\Assets\Scripts\Data\ProgressionData.cs"
"ProjectMissionData.cs","C:\EndlessFinal\EndlessRunnerProject\Assets\Scripts\Data\ProjectMissionData.cs"
"QuestAndReward.cs","C:\EndlessFinal\EndlessRunnerProject\Assets\Scripts\Data\QuestAndReward.cs"
"QuestObjective.cs","C:\EndlessFinal\EndlessRunnerProject\Assets\Scripts\Data\QuestObjective.cs"
"QuestObjectiveData.cs","C:\EndlessFinal\EndlessRunnerProject\Assets\Scripts\Data\QuestObjectiveData.cs"
"QuestStateListener.cs","C:\EndlessFinal\EndlessRunnerProject\Assets\Scripts\Data\QuestStateListener.cs"
"QuestStatePayload.cs","C:\EndlessFinal\EndlessRunnerProject\Assets\Scripts\Data\QuestStatePayload.cs"
"RareDropData.cs","C:\EndlessFinal\EndlessRunnerProject\Assets\Scripts\Data\RareDropData.cs"
"Reward.cs","C:\EndlessFinal\EndlessRunnerProject\Assets\Scripts\Data\Reward.cs"
"RewardType.cs","C:\EndlessFinal\EndlessRunnerProject\Assets\Scripts\Data\RewardType.cs"
"RunModifierData.cs","C:\EndlessFinal\EndlessRunnerProject\Assets\Scripts\Data\RunModifierData.cs"
"RunSessionData.cs","C:\EndlessFinal\EndlessRunnerProject\Assets\Scripts\Data\RunSessionData.cs"
"RunSessionData_Plain.cs","C:\EndlessFinal\EndlessRunnerProject\Assets\Scripts\Data\RunSessionData_Plain.cs"
"SaveData.cs","C:\EndlessFinal\EndlessRunnerProject\Assets\Scripts\Data\SaveData.cs"
"ShopItem.cs","C:\EndlessFinal\EndlessRunnerProject\Assets\Scripts\Data\ShopItem.cs"
"ShopItemData.cs","C:\EndlessFinal\EndlessRunnerProject\Assets\Scripts\Data\ShopItemData.cs"
"SkillNodeData.cs","C:\EndlessFinal\EndlessRunnerProject\Assets\Scripts\Data\SkillNodeData.cs"
"SkinData.cs","C:\EndlessFinal\EndlessRunnerProject\Assets\Scripts\Data\SkinData.cs"
"SkinDataManager.cs","C:\EndlessFinal\EndlessRunnerProject\Assets\Scripts\Data\SkinDataManager.cs"
"TutorialSequenceData.cs","C:\EndlessFinal\EndlessRunnerProject\Assets\Scripts\Data\TutorialSequenceData.cs"
"TutorialStep.cs","C:\EndlessFinal\EndlessRunnerProject\Assets\Scripts\Data\TutorialStep.cs"
"DailyMissionData.cs","C:\EndlessFinal\EndlessRunnerProject\Assets\Scripts\Data\Missions\DailyMissionData.cs"
"ItemDatabase.cs","C:\EndlessFinal\EndlessRunnerProject\Assets\Scripts\Database\ItemDatabase.cs"
"QuestDatabase.cs","C:\EndlessFinal\EndlessRunnerProject\Assets\Scripts\Database\QuestDatabase.cs"
"Dialogue.cs","C:\EndlessFinal\EndlessRunnerProject\Assets\Scripts\Dialogue\Dialogue.cs"
"ShardDropEngine.cs","C:\EndlessFinal\EndlessRunnerProject\Assets\Scripts\Economy\ShardDropEngine.cs"
"ShardType.cs","C:\EndlessFinal\EndlessRunnerProject\Assets\Scripts\Economy\ShardType.cs"
"AchievementTest.cs","C:\EndlessFinal\EndlessRunnerProject\Assets\Scripts\Editor\AchievementTest.cs"
"GameManagerEditor.cs","C:\EndlessFinal\EndlessRunnerProject\Assets\Scripts\Editor\GameManagerEditor.cs"
"DissolveEffect.cs","C:\EndlessFinal\EndlessRunnerProject\Assets\Scripts\Effects\DissolveEffect.cs"
"BossEncounter.cs","C:\EndlessFinal\EndlessRunnerProject\Assets\Scripts\Encounters\BossEncounter.cs"
"Enemy.cs","C:\EndlessFinal\EndlessRunnerProject\Assets\Scripts\Enemies\Enemy.cs"
"EnvironmentGenerator.cs","C:\EndlessFinal\EndlessRunnerProject\Assets\Scripts\Environment\EnvironmentGenerator.cs"
"CommunityChallengeData.cs","C:\EndlessFinal\EndlessRunnerProject\Assets\Scripts\Events\CommunityChallengeData.cs"
"EventMilestoneData.cs","C:\EndlessFinal\EndlessRunnerProject\Assets\Scripts\Events\EventMilestoneData.cs"
"EventProgressTracker.cs","C:\EndlessFinal\EndlessRunnerProject\Assets\Scripts\Events\EventProgressTracker.cs"
"EventRewardTier.cs","C:\EndlessFinal\EndlessRunnerProject\Assets\Scripts\Events\EventRewardTier.cs"
"GlobalEventData.cs","C:\EndlessFinal\EndlessRunnerProject\Assets\Scripts\Events\GlobalEventData.cs"
"EventCharacterData.cs","C:\EndlessFinal\EndlessRunnerProject\Assets\Scripts\Events\Characters\EventCharacterData.cs"
"EventCharacterManager.cs","C:\EndlessFinal\EndlessRunnerProject\Assets\Scripts\Events\Characters\EventCharacterManager.cs"
"EventCharactersPanelUI.cs","C:\EndlessFinal\EndlessRunnerProject\Assets\Scripts\Events\Characters\EventCharactersPanelUI.cs"
"EventCurrencyManager.cs","C:\EndlessFinal\EndlessRunnerProject\Assets\Scripts\Events\Characters\EventCurrencyManager.cs"
"EventMissionManager.cs","C:\EndlessFinal\EndlessRunnerProject\Assets\Scripts\Events\Characters\EventMissionManager.cs"
"Character.cs","C:\EndlessFinal\EndlessRunnerProject\Assets\Scripts\Game\Character.cs"
"Barrier.cs","C:\EndlessFinal\EndlessRunnerProject\Assets\Scripts\Gameplay\Barrier.cs"
"BossController.cs","C:\EndlessFinal\EndlessRunnerProject\Assets\Scripts\Gameplay\BossController.cs"
"CameraController.cs","C:\EndlessFinal\EndlessRunnerProject\Assets\Scripts\Gameplay\CameraController.cs"
"CoinAnimation.cs","C:\EndlessFinal\EndlessRunnerProject\Assets\Scripts\Gameplay\CoinAnimation.cs"
"EnemyChaser.cs","C:\EndlessFinal\EndlessRunnerProject\Assets\Scripts\Gameplay\EnemyChaser.cs"
"GhostDataPoint.cs","C:\EndlessFinal\EndlessRunnerProject\Assets\Scripts\Gameplay\GhostDataPoint.cs"
"Magnet.cs","C:\EndlessFinal\EndlessRunnerProject\Assets\Scripts\Gameplay\Magnet.cs"
"NearMissDetector.cs","C:\EndlessFinal\EndlessRunnerProject\Assets\Scripts\Gameplay\NearMissDetector.cs"
"Obstacle.cs","C:\EndlessFinal\EndlessRunnerProject\Assets\Scripts\Gameplay\Obstacle.cs"
"PlayerController.cs","C:\EndlessFinal\EndlessRunnerProject\Assets\Scripts\Gameplay\PlayerController.cs"
"PowerUp.cs","C:\EndlessFinal\EndlessRunnerProject\Assets\Scripts\Gameplay\PowerUp.cs"
"PowerUpCollectible.cs","C:\EndlessFinal\EndlessRunnerProject\Assets\Scripts\Gameplay\PowerUpCollectible.cs"
"PowerUpEffectsController.cs","C:\EndlessFinal\EndlessRunnerProject\Assets\Scripts\Gameplay\PowerUpEffectsController.cs"
"Projectile.cs","C:\EndlessFinal\EndlessRunnerProject\Assets\Scripts\Gameplay\Projectile.cs"
"ReturnToPool.cs","C:\EndlessFinal\EndlessRunnerProject\Assets\Scripts\Gameplay\ReturnToPool.cs"
"SafePathValidator.cs","C:\EndlessFinal\EndlessRunnerProject\Assets\Scripts\Gameplay\SafePathValidator.cs"
"ScoreInterceptor.cs","C:\EndlessFinal\EndlessRunnerProject\Assets\Scripts\Gameplay\ScoreInterceptor.cs"
"SkillTrigger.cs","C:\EndlessFinal\EndlessRunnerProject\Assets\Scripts\Gameplay\SkillTrigger.cs"
"StyleBonusCalculator.cs","C:\EndlessFinal\EndlessRunnerProject\Assets\Scripts\Gameplay\StyleBonusCalculator.cs"
"StyleMeter.cs","C:\EndlessFinal\EndlessRunnerProject\Assets\Scripts\Gameplay\StyleMeter.cs"
"Track.cs","C:\EndlessFinal\EndlessRunnerProject\Assets\Scripts\Gameplay\Track.cs"
"TrackSegment.cs","C:\EndlessFinal\EndlessRunnerProject\Assets\Scripts\Gameplay\TrackSegment.cs"
"Train.cs","C:\EndlessFinal\EndlessRunnerProject\Assets\Scripts\Gameplay\Train.cs"
"ProceduralPatternEngine.cs","C:\EndlessFinal\EndlessRunnerProject\Assets\Scripts\Generation\ProceduralPatternEngine.cs"
"LevelPattern.cs","C:\EndlessFinal\EndlessRunnerProject\Assets\Scripts\Generation\Patterns\LevelPattern.cs"
"InputInput.cs","C:\EndlessFinal\EndlessRunnerProject\Assets\Scripts\Input\InputInput.cs"
"DropIntegrityProfile.cs","C:\EndlessFinal\EndlessRunnerProject\Assets\Scripts\Integrity\DropIntegrityProfile.cs"
"EconomyValidator.cs","C:\EndlessFinal\EndlessRunnerProject\Assets\Scripts\Integrity\EconomyValidator.cs"
"SaveIntegrityGuard.cs","C:\EndlessFinal\EndlessRunnerProject\Assets\Scripts\Integrity\SaveIntegrityGuard.cs"
"SessionValidator.cs","C:\EndlessFinal\EndlessRunnerProject\Assets\Scripts\Integrity\SessionValidator.cs"
"IDamageable.cs","C:\EndlessFinal\EndlessRunnerProject\Assets\Scripts\Interfaces\IDamageable.cs"
"Inventory.cs","C:\EndlessFinal\EndlessRunnerProject\Assets\Scripts\Inventory\Inventory.cs"
"Item.cs","C:\EndlessFinal\EndlessRunnerProject\Assets\Scripts\Inventory\Item.cs"
"LeagueData.cs","C:\EndlessFinal\EndlessRunnerProject\Assets\Scripts\Leagues\LeagueData.cs"
"LeagueManager.cs","C:\EndlessFinal\EndlessRunnerProject\Assets\Scripts\Leagues\LeagueManager.cs"
"LeagueRewardData.cs","C:\EndlessFinal\EndlessRunnerProject\Assets\Scripts\Leagues\LeagueRewardData.cs"
"RankData.cs","C:\EndlessFinal\EndlessRunnerProject\Assets\Scripts\Leagues\RankData.cs"
"LiveEventData.cs","C:\EndlessFinal\EndlessRunnerProject\Assets\Scripts\LiveEvents\LiveEventData.cs"
"LiveOpsSafetyBounds.cs","C:\EndlessFinal\EndlessRunnerProject\Assets\Scripts\LiveOps\LiveOpsSafetyBounds.cs"
"AnalyticsManager.cs","C:\EndlessFinal\EndlessRunnerProject\Assets\Scripts\Managers\AnalyticsManager.cs"
"AudioManager.cs","C:\EndlessFinal\EndlessRunnerProject\Assets\Scripts\Managers\AudioManager.cs"
"CollectableManager.cs","C:\EndlessFinal\EndlessRunnerProject\Assets\Scripts\Managers\CollectableManager.cs"
"CommunityChallengeManager.cs","C:\EndlessFinal\EndlessRunnerProject\Assets\Scripts\Managers\CommunityChallengeManager.cs"
"CompetitiveLeagueManager.cs","C:\EndlessFinal\EndlessRunnerProject\Assets\Scripts\Managers\CompetitiveLeagueManager.cs"
"CosmeticEffectManager.cs","C:\EndlessFinal\EndlessRunnerProject\Assets\Scripts\Managers\CosmeticEffectManager.cs"
"CurrencyManager.cs","C:\EndlessFinal\EndlessRunnerProject\Assets\Scripts\Managers\CurrencyManager.cs"
"DailyLoginManager.cs","C:\EndlessFinal\EndlessRunnerProject\Assets\Scripts\Managers\DailyLoginManager.cs"
"DailyMissionManager.cs","C:\EndlessFinal\EndlessRunnerProject\Assets\Scripts\Managers\DailyMissionManager.cs"
"DailyRewardManager.cs","C:\EndlessFinal\EndlessRunnerProject\Assets\Scripts\Managers\DailyRewardManager.cs"
"DataManager.cs","C:\EndlessFinal\EndlessRunnerProject\Assets\Scripts\Managers\DataManager.cs"
"DecisionPathManager.cs","C:\EndlessFinal\EndlessRunnerProject\Assets\Scripts\Managers\DecisionPathManager.cs"
"DialogueManager.cs","C:\EndlessFinal\EndlessRunnerProject\Assets\Scripts\Managers\DialogueManager.cs"
"DropIntegrityValidator.cs","C:\EndlessFinal\EndlessRunnerProject\Assets\Scripts\Managers\DropIntegrityValidator.cs"
"EffectsManager.cs","C:\EndlessFinal\EndlessRunnerProject\Assets\Scripts\Managers\EffectsManager.cs"
"EnemyManager.cs","C:\EndlessFinal\EndlessRunnerProject\Assets\Scripts\Managers\EnemyManager.cs"
"EntitlementResolver.cs","C:\EndlessFinal\EndlessRunnerProject\Assets\Scripts\Managers\EntitlementResolver.cs"
"EnvironmentAnimationManager.cs","C:\EndlessFinal\EndlessRunnerProject\Assets\Scripts\Managers\EnvironmentAnimationManager.cs"
"EnvironmentEventManager.cs","C:\EndlessFinal\EndlessRunnerProject\Assets\Scripts\Managers\EnvironmentEventManager.cs"
"EnvironmentVariationManager.cs","C:\EndlessFinal\EndlessRunnerProject\Assets\Scripts\Managers\EnvironmentVariationManager.cs"
"EventManager.cs","C:\EndlessFinal\EndlessRunnerProject\Assets\Scripts\Managers\EventManager.cs"
"FeatureFlagManager.cs","C:\EndlessFinal\EndlessRunnerProject\Assets\Scripts\Managers\FeatureFlagManager.cs"
"FeverModeManager.cs","C:\EndlessFinal\EndlessRunnerProject\Assets\Scripts\Managers\FeverModeManager.cs"
"FirebaseManager.cs","C:\EndlessFinal\EndlessRunnerProject\Assets\Scripts\Managers\FirebaseManager.cs"
"FlowComboManager.cs","C:\EndlessFinal\EndlessRunnerProject\Assets\Scripts\Managers\FlowComboManager.cs"
"GachaManager.cs","C:\EndlessFinal\EndlessRunnerProject\Assets\Scripts\Managers\GachaManager.cs"
"GameDifficultyManager.cs","C:\EndlessFinal\EndlessRunnerProject\Assets\Scripts\Managers\GameDifficultyManager.cs"
"GameFlowController.cs","C:\EndlessFinal\EndlessRunnerProject\Assets\Scripts\Managers\GameFlowController.cs"
"GameManager.cs","C:\EndlessFinal\EndlessRunnerProject\Assets\Scripts\Managers\GameManager.cs"
"GameState.cs","C:\EndlessFinal\EndlessRunnerProject\Assets\Scripts\Managers\GameState.cs"
"GameStateManager.cs","C:\EndlessFinal\EndlessRunnerProject\Assets\Scripts\Managers\GameStateManager.cs"
"GhostRunManager.cs","C:\EndlessFinal\EndlessRunnerProject\Assets\Scripts\Managers\GhostRunManager.cs"
"HighScoreManager.cs","C:\EndlessFinal\EndlessRunnerProject\Assets\Scripts\Managers\HighScoreManager.cs"
"InputManager.cs","C:\EndlessFinal\EndlessRunnerProject\Assets\Scripts\Managers\InputManager.cs"
"IntegrityManager.cs","C:\EndlessFinal\EndlessRunnerProject\Assets\Scripts\Managers\IntegrityManager.cs"
"InventoryManager.cs","C:\EndlessFinal\EndlessRunnerProject\Assets\Scripts\Managers\InventoryManager.cs"
"LevelManager.cs","C:\EndlessFinal\EndlessRunnerProject\Assets\Scripts\Managers\LevelManager.cs"
"LightingManager.cs","C:\EndlessFinal\EndlessRunnerProject\Assets\Scripts\Managers\LightingManager.cs"
"LiveEventManager.cs","C:\EndlessFinal\EndlessRunnerProject\Assets\Scripts\Managers\LiveEventManager.cs"
"LiveOpsManager.cs","C:\EndlessFinal\EndlessRunnerProject\Assets\Scripts\Managers\LiveOpsManager.cs"
"LiveOpsSafetyValidator.cs","C:\EndlessFinal\EndlessRunnerProject\Assets\Scripts\Managers\LiveOpsSafetyValidator.cs"
"MilestoneManager.cs","C:\EndlessFinal\EndlessRunnerProject\Assets\Scripts\Managers\MilestoneManager.cs"
"MomentumManager.cs","C:\EndlessFinal\EndlessRunnerProject\Assets\Scripts\Managers\MomentumManager.cs"
"NearMissManager.cs","C:\EndlessFinal\EndlessRunnerProject\Assets\Scripts\Managers\NearMissManager.cs"
"PatternRuleValidator.cs","C:\EndlessFinal\EndlessRunnerProject\Assets\Scripts\Managers\PatternRuleValidator.cs"
"PerformanceManager.cs","C:\EndlessFinal\EndlessRunnerProject\Assets\Scripts\Managers\PerformanceManager.cs"
"PityCounterManager.cs","C:\EndlessFinal\EndlessRunnerProject\Assets\Scripts\Managers\PityCounterManager.cs"
"PlayerDataManager.cs","C:\EndlessFinal\EndlessRunnerProject\Assets\Scripts\Managers\PlayerDataManager.cs"
"PlayerManager.cs","C:\EndlessFinal\EndlessRunnerProject\Assets\Scripts\Managers\PlayerManager.cs"
"PlayerProgression.cs","C:\EndlessFinal\EndlessRunnerProject\Assets\Scripts\Managers\PlayerProgression.cs"
"PlayerWalletManager.cs","C:\EndlessFinal\EndlessRunnerProject\Assets\Scripts\Managers\PlayerWalletManager.cs"
"PlayStoreReadiness.cs","C:\EndlessFinal\EndlessRunnerProject\Assets\Scripts\Managers\PlayStoreReadiness.cs"
"PoolManager.cs","C:\EndlessFinal\EndlessRunnerProject\Assets\Scripts\Managers\PoolManager.cs"
"PostProcessingManager.cs","C:\EndlessFinal\EndlessRunnerProject\Assets\Scripts\Managers\PostProcessingManager.cs"
"PowerUpEffectsManager.cs","C:\EndlessFinal\EndlessRunnerProject\Assets\Scripts\Managers\PowerUpEffectsManager.cs"
"PowerUpFusionManager.cs","C:\EndlessFinal\EndlessRunnerProject\Assets\Scripts\Managers\PowerUpFusionManager.cs"
"PreRunCinematicManager.cs","C:\EndlessFinal\EndlessRunnerProject\Assets\Scripts\Managers\PreRunCinematicManager.cs"
"ProceduralPatternGenerator.cs","C:\EndlessFinal\EndlessRunnerProject\Assets\Scripts\Managers\ProceduralPatternGenerator.cs"
"QuestManager.cs","C:\EndlessFinal\EndlessRunnerProject\Assets\Scripts\Managers\QuestManager.cs"
"RankManager.cs","C:\EndlessFinal\EndlessRunnerProject\Assets\Scripts\Managers\RankManager.cs"
"RareDropEngine.cs","C:\EndlessFinal\EndlessRunnerProject\Assets\Scripts\Managers\RareDropEngine.cs"
"RareDropManager.cs","C:\EndlessFinal\EndlessRunnerProject\Assets\Scripts\Managers\RareDropManager.cs"
"RemoteConfig.cs","C:\EndlessFinal\EndlessRunnerProject\Assets\Scripts\Managers\RemoteConfig.cs"
"RemoteConfigBridge.cs","C:\EndlessFinal\EndlessRunnerProject\Assets\Scripts\Managers\RemoteConfigBridge.cs"
"RemoteConfigManager.cs","C:\EndlessFinal\EndlessRunnerProject\Assets\Scripts\Managers\RemoteConfigManager.cs"
"ReviveManager.cs","C:\EndlessFinal\EndlessRunnerProject\Assets\Scripts\Managers\ReviveManager.cs"
"RewardManager.cs","C:\EndlessFinal\EndlessRunnerProject\Assets\Scripts\Managers\RewardManager.cs"
"RiskLaneManager.cs","C:\EndlessFinal\EndlessRunnerProject\Assets\Scripts\Managers\RiskLaneManager.cs"
"RunModifierManager.cs","C:\EndlessFinal\EndlessRunnerProject\Assets\Scripts\Managers\RunModifierManager.cs"
"SaveManager.cs","C:\EndlessFinal\EndlessRunnerProject\Assets\Scripts\Managers\SaveManager.cs"
"ScoreManager.cs","C:\EndlessFinal\EndlessRunnerProject\Assets\Scripts\Managers\ScoreManager.cs"
"SeasonManager.cs","C:\EndlessFinal\EndlessRunnerProject\Assets\Scripts\Managers\SeasonManager.cs"
"SettingsManager.cs","C:\EndlessFinal\EndlessRunnerProject\Assets\Scripts\Managers\SettingsManager.cs"
"ShopManager.cs","C:\EndlessFinal\EndlessRunnerProject\Assets\Scripts\Managers\ShopManager.cs"
"SkillTreeManager.cs","C:\EndlessFinal\EndlessRunnerProject\Assets\Scripts\Managers\SkillTreeManager.cs"
"SkinManager.cs","C:\EndlessFinal\EndlessRunnerProject\Assets\Scripts\Managers\SkinManager.cs"
"SkyboxManager.cs","C:\EndlessFinal\EndlessRunnerProject\Assets\Scripts\Managers\SkyboxManager.cs"
"SoundManager.cs","C:\EndlessFinal\EndlessRunnerProject\Assets\Scripts\Managers\SoundManager.cs"
"SpeedManager.cs","C:\EndlessFinal\EndlessRunnerProject\Assets\Scripts\Managers\SpeedManager.cs"
"SpinWheelManager.cs","C:\EndlessFinal\EndlessRunnerProject\Assets\Scripts\Managers\SpinWheelManager.cs"
"StyleManager.cs","C:\EndlessFinal\EndlessRunnerProject\Assets\Scripts\Managers\StyleManager.cs"
"SubscriptionManager.cs","C:\EndlessFinal\EndlessRunnerProject\Assets\Scripts\Managers\SubscriptionManager.cs"
"ThemeManager.cs","C:\EndlessFinal\EndlessRunnerProject\Assets\Scripts\Managers\ThemeManager.cs"
"ThemeUnlockManager.cs","C:\EndlessFinal\EndlessRunnerProject\Assets\Scripts\Managers\ThemeUnlockManager.cs"
"TimeControlManager.cs","C:\EndlessFinal\EndlessRunnerProject\Assets\Scripts\Managers\TimeControlManager.cs"
"TimeManager.cs","C:\EndlessFinal\EndlessRunnerProject\Assets\Scripts\Managers\TimeManager.cs"
"TimeWarpManager.cs","C:\EndlessFinal\EndlessRunnerProject\Assets\Scripts\Managers\TimeWarpManager.cs"
"TutorialManager.cs","C:\EndlessFinal\EndlessRunnerProject\Assets\Scripts\Managers\TutorialManager.cs"
"UIManager.cs","C:\EndlessFinal\EndlessRunnerProject\Assets\Scripts\Managers\UIManager.cs"
"VFXManager.cs","C:\EndlessFinal\EndlessRunnerProject\Assets\Scripts\Managers\VFXManager.cs"
"VisionFogManager.cs","C:\EndlessFinal\EndlessRunnerProject\Assets\Scripts\Managers\VisionFogManager.cs"
"WorldEventManager.cs","C:\EndlessFinal\EndlessRunnerProject\Assets\Scripts\Managers\WorldEventManager.cs"
"WorldThemeManager.cs","C:\EndlessFinal\EndlessRunnerProject\Assets\Scripts\Managers\WorldThemeManager.cs"
"ZombieManager.cs","C:\EndlessFinal\EndlessRunnerProject\Assets\Scripts\Managers\ZombieManager.cs"
"MissionDefinition.cs","C:\EndlessFinal\EndlessRunnerProject\Assets\Scripts\Missions\MissionDefinition.cs"
"AdManager.cs","C:\EndlessFinal\EndlessRunnerProject\Assets\Scripts\Monetization\AdManager.cs"
"IAPManager.cs","C:\EndlessFinal\EndlessRunnerProject\Assets\Scripts\Monetization\IAPManager.cs"
"GhostRunData.cs","C:\EndlessFinal\EndlessRunnerProject\Assets\Scripts\Multiplayer\GhostRunData.cs"
"GhostRunPlayback.cs","C:\EndlessFinal\EndlessRunnerProject\Assets\Scripts\Multiplayer\GhostRunPlayback.cs"
"GhostRunRecorder.cs","C:\EndlessFinal\EndlessRunnerProject\Assets\Scripts\Multiplayer\GhostRunRecorder.cs"
"MultiplayerGhostManager.cs","C:\EndlessFinal\EndlessRunnerProject\Assets\Scripts\Multiplayer\MultiplayerGhostManager.cs"
"ConfigCache.cs","C:\EndlessFinal\EndlessRunnerProject\Assets\Scripts\Owner\ConfigCache.cs"
"DeviceProfileAnalyzer.cs","C:\EndlessFinal\EndlessRunnerProject\Assets\Scripts\Performance\DeviceProfileAnalyzer.cs"
"DynamicQualityProfile.cs","C:\EndlessFinal\EndlessRunnerProject\Assets\Scripts\Performance\DynamicQualityProfile.cs"
"PerformanceScaler.cs","C:\EndlessFinal\EndlessRunnerProject\Assets\Scripts\Performance\PerformanceScaler.cs"
"PityCounterData.cs","C:\EndlessFinal\EndlessRunnerProject\Assets\Scripts\Pity\PityCounterData.cs"
"PityProfile.cs","C:\EndlessFinal\EndlessRunnerProject\Assets\Scripts\Pity\PityProfile.cs"
"CharacterAnimator.cs","C:\EndlessFinal\EndlessRunnerProject\Assets\Scripts\Player\CharacterAnimator.cs"
"CharacterMotor.cs","C:\EndlessFinal\EndlessRunnerProject\Assets\Scripts\Player\CharacterMotor.cs"
"PlayerCollision.cs","C:\EndlessFinal\EndlessRunnerProject\Assets\Scripts\Player\PlayerCollision.cs"
"PlayerController.cs","C:\EndlessFinal\EndlessRunnerProject\Assets\Scripts\Player\PlayerController.cs"
"PlayerDeath.cs","C:\EndlessFinal\EndlessRunnerProject\Assets\Scripts\Player\PlayerDeath.cs"
"PlayerHealth.cs","C:\EndlessFinal\EndlessRunnerProject\Assets\Scripts\Player\PlayerHealth.cs"
"PlayerPowerUpHandler.cs","C:\EndlessFinal\EndlessRunnerProject\Assets\Scripts\Player\PlayerPowerUpHandler.cs"
"CoinMagnetPowerUp.cs","C:\EndlessFinal\EndlessRunnerProject\Assets\Scripts\PowerUps\CoinMagnetPowerUp.cs"
"DoubleCoinsPowerUp.cs","C:\EndlessFinal\EndlessRunnerProject\Assets\Scripts\PowerUps\DoubleCoinsPowerUp.cs"
"PowerUpEffect.cs","C:\EndlessFinal\EndlessRunnerProject\Assets\Scripts\PowerUps\PowerUpEffect.cs"
"PowerUpManager.cs","C:\EndlessFinal\EndlessRunnerProject\Assets\Scripts\PowerUps\PowerUpManager.cs"
"ScoreMultiplierPowerUp.cs","C:\EndlessFinal\EndlessRunnerProject\Assets\Scripts\PowerUps\ScoreMultiplierPowerUp.cs"
"SpeedBoostPowerUp.cs","C:\EndlessFinal\EndlessRunnerProject\Assets\Scripts\PowerUps\SpeedBoostPowerUp.cs"
"CoinStormPowerUp.cs","C:\EndlessFinal\EndlessRunnerProject\Assets\Scripts\PowerUps\Fusions\CoinStormPowerUp.cs"
"FusionCore.cs","C:\EndlessFinal\EndlessRunnerProject\Assets\Scripts\PowerUps\Fusions\FusionCore.cs"
"InvincibleDashPowerUp.cs","C:\EndlessFinal\EndlessRunnerProject\Assets\Scripts\PowerUps\Fusions\InvincibleDashPowerUp.cs"
"OverdrivePowerUp.cs","C:\EndlessFinal\EndlessRunnerProject\Assets\Scripts\PowerUps\Fusions\OverdrivePowerUp.cs"
"PowerUpFusionDefinition.cs","C:\EndlessFinal\EndlessRunnerProject\Assets\Scripts\PowerUps\Fusions\PowerUpFusionDefinition.cs"
"SurgeProtectorPowerUp.cs","C:\EndlessFinal\EndlessRunnerProject\Assets\Scripts\PowerUps\Fusions\SurgeProtectorPowerUp.cs"
"UltraComboPowerUp.cs","C:\EndlessFinal\EndlessRunnerProject\Assets\Scripts\PowerUps\Fusions\UltraComboPowerUp.cs"
"PowerUpUpgradeCardUI.cs","C:\EndlessFinal\EndlessRunnerProject\Assets\Scripts\PowerUps\Upgrades\PowerUpUpgradeCardUI.cs"
"PowerUpUpgradeData.cs","C:\EndlessFinal\EndlessRunnerProject\Assets\Scripts\PowerUps\Upgrades\PowerUpUpgradeData.cs"
"PowerUpUpgradeManager.cs","C:\EndlessFinal\EndlessRunnerProject\Assets\Scripts\PowerUps\Upgrades\PowerUpUpgradeManager.cs"
"PowerUpUpgradePanelUI.cs","C:\EndlessFinal\EndlessRunnerProject\Assets\Scripts\PowerUps\Upgrades\PowerUpUpgradePanelUI.cs"
"MissionState.cs","C:\EndlessFinal\EndlessRunnerProject\Assets\Scripts\Quests\MissionState.cs"
"QuestCardUI.cs","C:\EndlessFinal\EndlessRunnerProject\Assets\Scripts\Quests\QuestCardUI.cs"
"QuestData.cs","C:\EndlessFinal\EndlessRunnerProject\Assets\Scripts\Quests\QuestData.cs"
"QuestPanelUI.cs","C:\EndlessFinal\EndlessRunnerProject\Assets\Scripts\Quests\QuestPanelUI.cs"
"QuestProgressTracker.cs","C:\EndlessFinal\EndlessRunnerProject\Assets\Scripts\Quests\QuestProgressTracker.cs"
"RareDropType.cs","C:\EndlessFinal\EndlessRunnerProject\Assets\Scripts\RareDrops\RareDropType.cs"
"ReplayData.cs","C:\EndlessFinal\EndlessRunnerProject\Assets\Scripts\Replays\ReplayData.cs"
"ReplayManager.cs","C:\EndlessFinal\EndlessRunnerProject\Assets\Scripts\Replays\ReplayManager.cs"
"ReplayPlaybackController.cs","C:\EndlessFinal\EndlessRunnerProject\Assets\Scripts\Replays\ReplayPlaybackController.cs"
"ReplayRecorder.cs","C:\EndlessFinal\EndlessRunnerProject\Assets\Scripts\Replays\ReplayRecorder.cs"
"ReplayViewerUI.cs","C:\EndlessFinal\EndlessRunnerProject\Assets\Scripts\Replays\ReplayViewerUI.cs"
"HomeSceneSetup.cs","C:\EndlessFinal\EndlessRunnerProject\Assets\Scripts\SceneSetup\HomeSceneSetup.cs"
"MainSceneSetup.cs","C:\EndlessFinal\EndlessRunnerProject\Assets\Scripts\SceneSetup\MainSceneSetup.cs"
"PlayerDataRepository.cs","C:\EndlessFinal\EndlessRunnerProject\Assets\Scripts\Services\PlayerDataRepository.cs"
"PlayerDataService.cs","C:\EndlessFinal\EndlessRunnerProject\Assets\Scripts\Services\PlayerDataService.cs"
"EffectShardableItem.cs","C:\EndlessFinal\EndlessRunnerProject\Assets\Scripts\Shards\EffectShardableItem.cs"
"ShardableItemProfile.cs","C:\EndlessFinal\EndlessRunnerProject\Assets\Scripts\Shards\ShardableItemProfile.cs"
"ShardInventoryData.cs","C:\EndlessFinal\EndlessRunnerProject\Assets\Scripts\Shards\ShardInventoryData.cs"
"ShardInventoryManager.cs","C:\EndlessFinal\EndlessRunnerProject\Assets\Scripts\Shards\ShardInventoryManager.cs"
"SkinShardableItem.cs","C:\EndlessFinal\EndlessRunnerProject\Assets\Scripts\Shards\SkinShardableItem.cs"
"Health.cs","C:\EndlessFinal\EndlessRunnerProject\Assets\Scripts\Shared\Health.cs"
"ShopItemDatabase.cs","C:\EndlessFinal\EndlessRunnerProject\Assets\Scripts\Shop\ShopItemDatabase.cs"
"SkinCatalog.cs","C:\EndlessFinal\EndlessRunnerProject\Assets\Scripts\Skins\SkinCatalog.cs"
"SkinDatabase.cs","C:\EndlessFinal\EndlessRunnerProject\Assets\Scripts\Skins\SkinDatabase.cs"
"SkinPurchaseManager.cs","C:\EndlessFinal\EndlessRunnerProject\Assets\Scripts\Skins\SkinPurchaseManager.cs"
"SkinsManager.cs","C:\EndlessFinal\EndlessRunnerProject\Assets\Scripts\Skins\SkinsManager.cs"
"SkinUnlockManager.cs","C:\EndlessFinal\EndlessRunnerProject\Assets\Scripts\Skins\SkinUnlockManager.cs"
"SkinUnlockType.cs","C:\EndlessFinal\EndlessRunnerProject\Assets\Scripts\Skins\SkinUnlockType.cs"
"UnlockType.cs","C:\EndlessFinal\EndlessRunnerProject\Assets\Scripts\Skins\UnlockType.cs"
"UnlockTypeExtensions.cs","C:\EndlessFinal\EndlessRunnerProject\Assets\Scripts\Skins\UnlockTypeExtensions.cs"
"FriendChallengeManager.cs","C:\EndlessFinal\EndlessRunnerProject\Assets\Scripts\Social\FriendChallengeManager.cs"
"FriendData.cs","C:\EndlessFinal\EndlessRunnerProject\Assets\Scripts\Social\FriendData.cs"
"FriendManager.cs","C:\EndlessFinal\EndlessRunnerProject\Assets\Scripts\Social\FriendManager.cs"
"CoinSpawner.cs","C:\EndlessFinal\EndlessRunnerProject\Assets\Scripts\Spawners\CoinSpawner.cs"
"EnemySpawner.cs","C:\EndlessFinal\EndlessRunnerProject\Assets\Scripts\Spawners\EnemySpawner.cs"
"PowerUpSpawner.cs","C:\EndlessFinal\EndlessRunnerProject\Assets\Scripts\Spawners\PowerUpSpawner.cs"
"EnemyChaserSpawner.cs","C:\EndlessFinal\EndlessRunnerProject\Assets\Scripts\Spawning\EnemyChaserSpawner.cs"
"ObstacleSpawner.cs","C:\EndlessFinal\EndlessRunnerProject\Assets\Scripts\Spawning\ObstacleSpawner.cs"
"TileSpawner.cs","C:\EndlessFinal\EndlessRunnerProject\Assets\Scripts\Spawning\TileSpawner.cs"
"NewCollectibleSpawner.cs","C:\EndlessFinal\EndlessRunnerProject\Assets\Scripts\Systems\NewCollectibleSpawner.cs"
"ObstacleConversionEffect.cs","C:\EndlessFinal\EndlessRunnerProject\Assets\Scripts\Systems\ObstacleConversionEffect.cs"
"ServiceLocator.cs","C:\EndlessFinal\EndlessRunnerProject\Assets\Scripts\Systems\ServiceLocator.cs"
"SwipeInput.cs","C:\EndlessFinal\EndlessRunnerProject\Assets\Scripts\Systems\SwipeInput.cs"
"BattlePassTestRunner.cs","C:\EndlessFinal\EndlessRunnerProject\Assets\Scripts\Tests\BattlePassTestRunner.cs"
"CoreManagerTests.cs","C:\EndlessFinal\EndlessRunnerProject\Assets\Scripts\Tests\CoreManagerTests.cs"
"IntegrityTestRunner.cs","C:\EndlessFinal\EndlessRunnerProject\Assets\Scripts\Tests\IntegrityTestRunner.cs"
"SocialTestRunner.cs","C:\EndlessFinal\EndlessRunnerProject\Assets\Scripts\Tests\SocialTestRunner.cs"
"BattlePassTestRunner.cs","C:\EndlessFinal\EndlessRunnerProject\Assets\Scripts\Tests~\BattlePassTestRunner.cs"
"CoreManagerTests.cs","C:\EndlessFinal\EndlessRunnerProject\Assets\Scripts\Tests~\CoreManagerTests.cs"
"IntegrityTestRunner.cs","C:\EndlessFinal\EndlessRunnerProject\Assets\Scripts\Tests~\IntegrityTestRunner.cs"
"ThemeSO.cs","C:\EndlessFinal\EndlessRunnerProject\Assets\Scripts\Themes\ThemeSO.cs"
"ThemeAudioProfile.cs","C:\EndlessFinal\EndlessRunnerProject\Assets\Scripts\Theming_Legacy\ThemeAudioProfile.cs"
"ThemeController.cs","C:\EndlessFinal\EndlessRunnerProject\Assets\Scripts\Theming_Legacy\ThemeController.cs"
"ThemeMaterialRegistry.cs","C:\EndlessFinal\EndlessRunnerProject\Assets\Scripts\Theming_Legacy\ThemeMaterialRegistry.cs"
"ThemeProfileData.cs","C:\EndlessFinal\EndlessRunnerProject\Assets\Scripts\Theming_Legacy\ThemeProfileData.cs"
"ThemeVisualEffectProfile.cs","C:\EndlessFinal\EndlessRunnerProject\Assets\Scripts\Theming_Legacy\ThemeVisualEffectProfile.cs"
"AchievementBadge.cs","C:\EndlessFinal\EndlessRunnerProject\Assets\Scripts\UI\AchievementBadge.cs"
"AchievementItemUI.cs","C:\EndlessFinal\EndlessRunnerProject\Assets\Scripts\UI\AchievementItemUI.cs"
"AchievementNotificationController.cs","C:\EndlessFinal\EndlessRunnerProject\Assets\Scripts\UI\AchievementNotificationController.cs"
"AchievementUI.cs","C:\EndlessFinal\EndlessRunnerProject\Assets\Scripts\UI\AchievementUI.cs"
"AchievementUIController.cs","C:\EndlessFinal\EndlessRunnerProject\Assets\Scripts\UI\AchievementUIController.cs"
"AchievementUIEntry.cs","C:\EndlessFinal\EndlessRunnerProject\Assets\Scripts\UI\AchievementUIEntry.cs"
"AnimatedBackground.cs","C:\EndlessFinal\EndlessRunnerProject\Assets\Scripts\UI\AnimatedBackground.cs"
"BackButton.cs","C:\EndlessFinal\EndlessRunnerProject\Assets\Scripts\UI\BackButton.cs"
"BattlePassTierUI.cs","C:\EndlessFinal\EndlessRunnerProject\Assets\Scripts\UI\BattlePassTierUI.cs"
"BattlePassUI.cs","C:\EndlessFinal\EndlessRunnerProject\Assets\Scripts\UI\BattlePassUI.cs"
"BossChaseUI.cs","C:\EndlessFinal\EndlessRunnerProject\Assets\Scripts\UI\BossChaseUI.cs"
"ChallengeNotificationUI.cs","C:\EndlessFinal\EndlessRunnerProject\Assets\Scripts\UI\ChallengeNotificationUI.cs"
"CharacterArtDisplay.cs","C:\EndlessFinal\EndlessRunnerProject\Assets\Scripts\UI\CharacterArtDisplay.cs"
"CharacterCustomizationUI.cs","C:\EndlessFinal\EndlessRunnerProject\Assets\Scripts\UI\CharacterCustomizationUI.cs"
"CharacterSkinItemUI.cs","C:\EndlessFinal\EndlessRunnerProject\Assets\Scripts\UI\CharacterSkinItemUI.cs"
"CharacterSkinShopUI.cs","C:\EndlessFinal\EndlessRunnerProject\Assets\Scripts\UI\CharacterSkinShopUI.cs"
"CharacterUIPanel.cs","C:\EndlessFinal\EndlessRunnerProject\Assets\Scripts\UI\CharacterUIPanel.cs"
"CurrencyUI.cs","C:\EndlessFinal\EndlessRunnerProject\Assets\Scripts\UI\CurrencyUI.cs"
"DailyMissionCardController.cs","C:\EndlessFinal\EndlessRunnerProject\Assets\Scripts\UI\DailyMissionCardController.cs"
"DailyMissionPanelUI.cs","C:\EndlessFinal\EndlessRunnerProject\Assets\Scripts\UI\DailyMissionPanelUI.cs"
"DailyMissionUI.cs","C:\EndlessFinal\EndlessRunnerProject\Assets\Scripts\UI\DailyMissionUI.cs"
"DailyRewardUI.cs","C:\EndlessFinal\EndlessRunnerProject\Assets\Scripts\UI\DailyRewardUI.cs"
"DailyRewardView.cs","C:\EndlessFinal\EndlessRunnerProject\Assets\Scripts\UI\DailyRewardView.cs"
"EventBannerUI.cs","C:\EndlessFinal\EndlessRunnerProject\Assets\Scripts\UI\EventBannerUI.cs"
"EventCountdownTimerUI.cs","C:\EndlessFinal\EndlessRunnerProject\Assets\Scripts\UI\EventCountdownTimerUI.cs"
"ExtraCoinsUI.cs","C:\EndlessFinal\EndlessRunnerProject\Assets\Scripts\UI\ExtraCoinsUI.cs"
"FeatureVisibilityToggle.cs","C:\EndlessFinal\EndlessRunnerProject\Assets\Scripts\UI\FeatureVisibilityToggle.cs"
"FlowComboUI.cs","C:\EndlessFinal\EndlessRunnerProject\Assets\Scripts\UI\FlowComboUI.cs"
"FriendsPanelUI.cs","C:\EndlessFinal\EndlessRunnerProject\Assets\Scripts\UI\FriendsPanelUI.cs"
"FusionUI.cs","C:\EndlessFinal\EndlessRunnerProject\Assets\Scripts\UI\FusionUI.cs"
"GachaResultPanel.cs","C:\EndlessFinal\EndlessRunnerProject\Assets\Scripts\UI\GachaResultPanel.cs"
"GameHUDController.cs","C:\EndlessFinal\EndlessRunnerProject\Assets\Scripts\UI\GameHUDController.cs"
"GameOverPanel.cs","C:\EndlessFinal\EndlessRunnerProject\Assets\Scripts\UI\GameOverPanel.cs"
"GameOverUI.cs","C:\EndlessFinal\EndlessRunnerProject\Assets\Scripts\UI\GameOverUI.cs"
"GameplayPanel.cs","C:\EndlessFinal\EndlessRunnerProject\Assets\Scripts\UI\GameplayPanel.cs"
"GameScreenUI.cs","C:\EndlessFinal\EndlessRunnerProject\Assets\Scripts\UI\GameScreenUI.cs"
"GameUI.cs","C:\EndlessFinal\EndlessRunnerProject\Assets\Scripts\UI\GameUI.cs"
"GameUIManager.cs","C:\EndlessFinal\EndlessRunnerProject\Assets\Scripts\UI\GameUIManager.cs"
"GlobalChallengeProgressBarUI.cs","C:\EndlessFinal\EndlessRunnerProject\Assets\Scripts\UI\GlobalChallengeProgressBarUI.cs"
"HealthBar.cs","C:\EndlessFinal\EndlessRunnerProject\Assets\Scripts\UI\HealthBar.cs"
"HomeNavigationUI.cs","C:\EndlessFinal\EndlessRunnerProject\Assets\Scripts\UI\HomeNavigationUI.cs"
"HomeScreenController.cs","C:\EndlessFinal\EndlessRunnerProject\Assets\Scripts\UI\HomeScreenController.cs"
"HomeScreenStyler.cs","C:\EndlessFinal\EndlessRunnerProject\Assets\Scripts\UI\HomeScreenStyler.cs"
"HomeScreenUI.cs","C:\EndlessFinal\EndlessRunnerProject\Assets\Scripts\UI\HomeScreenUI.cs"
"LeaderboardItemUI.cs","C:\EndlessFinal\EndlessRunnerProject\Assets\Scripts\UI\LeaderboardItemUI.cs"
"LeaderboardUI.cs","C:\EndlessFinal\EndlessRunnerProject\Assets\Scripts\UI\LeaderboardUI.cs"
"LeagueUI.cs","C:\EndlessFinal\EndlessRunnerProject\Assets\Scripts\UI\LeagueUI.cs"
"LevelBadgeUI.cs","C:\EndlessFinal\EndlessRunnerProject\Assets\Scripts\UI\LevelBadgeUI.cs"
"MainMenu.cs","C:\EndlessFinal\EndlessRunnerProject\Assets\Scripts\UI\MainMenu.cs"
"MainMenuController.cs","C:\EndlessFinal\EndlessRunnerProject\Assets\Scripts\UI\MainMenuController.cs"
"MainMenuPanel.cs","C:\EndlessFinal\EndlessRunnerProject\Assets\Scripts\UI\MainMenuPanel.cs"
"MilestoneUI.cs","C:\EndlessFinal\EndlessRunnerProject\Assets\Scripts\UI\MilestoneUI.cs"
"MissionSlotUI.cs","C:\EndlessFinal\EndlessRunnerProject\Assets\Scripts\UI\MissionSlotUI.cs"
"MissionUI.cs","C:\EndlessFinal\EndlessRunnerProject\Assets\Scripts\UI\MissionUI.cs"
"Model360Viewer.cs","C:\EndlessFinal\EndlessRunnerProject\Assets\Scripts\UI\Model360Viewer.cs"
"PauseButtonUI.cs","C:\EndlessFinal\EndlessRunnerProject\Assets\Scripts\UI\PauseButtonUI.cs"
"PauseMenuController.cs","C:\EndlessFinal\EndlessRunnerProject\Assets\Scripts\UI\PauseMenuController.cs"
"PausePanel.cs","C:\EndlessFinal\EndlessRunnerProject\Assets\Scripts\UI\PausePanel.cs"
"PauseScreenUI.cs","C:\EndlessFinal\EndlessRunnerProject\Assets\Scripts\UI\PauseScreenUI.cs"
"PlayerProgressionUI.cs","C:\EndlessFinal\EndlessRunnerProject\Assets\Scripts\UI\PlayerProgressionUI.cs"
"PlayerStatusNotifier.cs","C:\EndlessFinal\EndlessRunnerProject\Assets\Scripts\UI\PlayerStatusNotifier.cs"
"PowerUpFusionUI.cs","C:\EndlessFinal\EndlessRunnerProject\Assets\Scripts\UI\PowerUpFusionUI.cs"
"PowerUpHUDController.cs","C:\EndlessFinal\EndlessRunnerProject\Assets\Scripts\UI\PowerUpHUDController.cs"
"PowerUpIconUI.cs","C:\EndlessFinal\EndlessRunnerProject\Assets\Scripts\UI\PowerUpIconUI.cs"
"PowerUpRadialTimer.cs","C:\EndlessFinal\EndlessRunnerProject\Assets\Scripts\UI\PowerUpRadialTimer.cs"
"PowerUpUI.cs","C:\EndlessFinal\EndlessRunnerProject\Assets\Scripts\UI\PowerUpUI.cs"
"PowerUpUIController.cs","C:\EndlessFinal\EndlessRunnerProject\Assets\Scripts\UI\PowerUpUIController.cs"
"QuestDetailsView.cs","C:\EndlessFinal\EndlessRunnerProject\Assets\Scripts\UI\QuestDetailsView.cs"
"QuestUI.cs","C:\EndlessFinal\EndlessRunnerProject\Assets\Scripts\UI\QuestUI.cs"
"QuestView.cs","C:\EndlessFinal\EndlessRunnerProject\Assets\Scripts\UI\QuestView.cs"
"QuestViewFactory.cs","C:\EndlessFinal\EndlessRunnerProject\Assets\Scripts\UI\QuestViewFactory.cs"
"QuestViewFull.cs","C:\EndlessFinal\EndlessRunnerProject\Assets\Scripts\UI\QuestViewFull.cs"
"RankUI.cs","C:\EndlessFinal\EndlessRunnerProject\Assets\Scripts\UI\RankUI.cs"
"RareDropUI.cs","C:\EndlessFinal\EndlessRunnerProject\Assets\Scripts\UI\RareDropUI.cs"
"RevivePopupUI.cs","C:\EndlessFinal\EndlessRunnerProject\Assets\Scripts\UI\RevivePopupUI.cs"
"RewardChestUI.cs","C:\EndlessFinal\EndlessRunnerProject\Assets\Scripts\UI\RewardChestUI.cs"
"RewardItemUI.cs","C:\EndlessFinal\EndlessRunnerProject\Assets\Scripts\UI\RewardItemUI.cs"
"RunModifierUI.cs","C:\EndlessFinal\EndlessRunnerProject\Assets\Scripts\UI\RunModifierUI.cs"
"RunSummaryUI.cs","C:\EndlessFinal\EndlessRunnerProject\Assets\Scripts\UI\RunSummaryUI.cs"
"SafeAreaHandler.cs","C:\EndlessFinal\EndlessRunnerProject\Assets\Scripts\UI\SafeAreaHandler.cs"
"SaveLoadUI.cs","C:\EndlessFinal\EndlessRunnerProject\Assets\Scripts\UI\SaveLoadUI.cs"
"SettingsUI.cs","C:\EndlessFinal\EndlessRunnerProject\Assets\Scripts\UI\SettingsUI.cs"
"ShopItemUI.cs","C:\EndlessFinal\EndlessRunnerProject\Assets\Scripts\UI\ShopItemUI.cs"
"ShopProductCard.cs","C:\EndlessFinal\EndlessRunnerProject\Assets\Scripts\UI\ShopProductCard.cs"
"ShopUIManager.cs","C:\EndlessFinal\EndlessRunnerProject\Assets\Scripts\UI\ShopUIManager.cs"
"ShopViewController.cs","C:\EndlessFinal\EndlessRunnerProject\Assets\Scripts\UI\ShopViewController.cs"
"SkillNodeUI.cs","C:\EndlessFinal\EndlessRunnerProject\Assets\Scripts\UI\SkillNodeUI.cs"
"SkillTreeUIPanel.cs","C:\EndlessFinal\EndlessRunnerProject\Assets\Scripts\UI\SkillTreeUIPanel.cs"
"SkinButtonUI.cs","C:\EndlessFinal\EndlessRunnerProject\Assets\Scripts\UI\SkinButtonUI.cs"
"SkinPreviewUI.cs","C:\EndlessFinal\EndlessRunnerProject\Assets\Scripts\UI\SkinPreviewUI.cs"
"SkinSelectorUI.cs","C:\EndlessFinal\EndlessRunnerProject\Assets\Scripts\UI\SkinSelectorUI.cs"
"SkinShopUI.cs","C:\EndlessFinal\EndlessRunnerProject\Assets\Scripts\UI\SkinShopUI.cs"
"StyleUI.cs","C:\EndlessFinal\EndlessRunnerProject\Assets\Scripts\UI\StyleUI.cs"
"ThemeButtonUI.cs","C:\EndlessFinal\EndlessRunnerProject\Assets\Scripts\UI\ThemeButtonUI.cs"
"ThemeColorApplicator.cs","C:\EndlessFinal\EndlessRunnerProject\Assets\Scripts\UI\ThemeColorApplicator.cs"
"ThemeSelectionButtonHandler.cs","C:\EndlessFinal\EndlessRunnerProject\Assets\Scripts\UI\ThemeSelectionButtonHandler.cs"
"ThemeSelectionPanel.cs","C:\EndlessFinal\EndlessRunnerProject\Assets\Scripts\UI\ThemeSelectionPanel.cs"
"ThemeShop.cs","C:\EndlessFinal\EndlessRunnerProject\Assets\Scripts\UI\ThemeShop.cs"
"ThemeShopButton.cs","C:\EndlessFinal\EndlessRunnerProject\Assets\Scripts\UI\ThemeShopButton.cs"
"ThemeShopItemUI.cs","C:\EndlessFinal\EndlessRunnerProject\Assets\Scripts\UI\ThemeShopItemUI.cs"
"ThemeShopUI.cs","C:\EndlessFinal\EndlessRunnerProject\Assets\Scripts\UI\ThemeShopUI.cs"
"ThemeSwitcher.cs","C:\EndlessFinal\EndlessRunnerProject\Assets\Scripts\UI\ThemeSwitcher.cs"
"TrophyGallery.cs","C:\EndlessFinal\EndlessRunnerProject\Assets\Scripts\UI\TrophyGallery.cs"
"TrophyGalleryController.cs","C:\EndlessFinal\EndlessRunnerProject\Assets\Scripts\UI\TrophyGalleryController.cs"
"TutorialUI.cs","C:\EndlessFinal\EndlessRunnerProject\Assets\Scripts\UI\TutorialUI.cs"
"UIPanel.cs","C:\EndlessFinal\EndlessRunnerProject\Assets\Scripts\UI\UIPanel.cs"
"UIPanel_GameOver.cs","C:\EndlessFinal\EndlessRunnerProject\Assets\Scripts\UI\UIPanel_GameOver.cs"
"UIPanel_InGame.cs","C:\EndlessFinal\EndlessRunnerProject\Assets\Scripts\UI\UIPanel_InGame.cs"
"UIPanel_Tutorial.cs","C:\EndlessFinal\EndlessRunnerProject\Assets\Scripts\UI\UIPanel_Tutorial.cs"
"WorldEventUI.cs","C:\EndlessFinal\EndlessRunnerProject\Assets\Scripts\UI\WorldEventUI.cs"
"WorldEventUIManager.cs","C:\EndlessFinal\EndlessRunnerProject\Assets\Scripts\UI\WorldEventUIManager.cs"
"XPBarUI.cs","C:\EndlessFinal\EndlessRunnerProject\Assets\Scripts\UI\XPBarUI.cs"
"CurrencyUIBinder.cs","C:\EndlessFinal\EndlessRunnerProject\Assets\Scripts\UI\Bindings\CurrencyUIBinder.cs"
"ReviveUIBinder.cs","C:\EndlessFinal\EndlessRunnerProject\Assets\Scripts\UI\Bindings\ReviveUIBinder.cs"
"InGamePanel.cs","C:\EndlessFinal\EndlessRunnerProject\Assets\Scripts\UI\Panels\InGamePanel.cs"
"SettingsPanel.cs","C:\EndlessFinal\EndlessRunnerProject\Assets\Scripts\UI\Panels\SettingsPanel.cs"
"UIPanel_MainMenu.cs","C:\EndlessFinal\EndlessRunnerProject\Assets\Scripts\UI\Panels\UIPanel_MainMenu.cs"
"UIPanel_Pause.cs","C:\EndlessFinal\EndlessRunnerProject\Assets\Scripts\UI\Panels\UIPanel_Pause.cs"
"RunSummaryPopup.cs","C:\EndlessFinal\EndlessRunnerProject\Assets\Scripts\UI\Popups\RunSummaryPopup.cs"
"TutorialStepUI.cs","C:\EndlessFinal\EndlessRunnerProject\Assets\Scripts\UI\Tutorial\TutorialStepUI.cs"
"Checksum.cs","C:\EndlessFinal\EndlessRunnerProject\Assets\Scripts\Utils\Checksum.cs"
"Constants.cs","C:\EndlessFinal\EndlessRunnerProject\Assets\Scripts\Utils\Constants.cs"
"DistanceTracker.cs","C:\EndlessFinal\EndlessRunnerProject\Assets\Scripts\Utils\DistanceTracker.cs"
"DontDestroy.cs","C:\EndlessFinal\EndlessRunnerProject\Assets\Scripts\Utils\DontDestroy.cs"
"WorldEventData.cs","C:\EndlessFinal\EndlessRunnerProject\Assets\Scripts\WorldEvents\WorldEventData.cs"
